index,published,keyword,domain,language,valid,title,description,url,image,archive,content,quote,de,en,la,added
d4e2b0b7f792a136437feabccb2a6c86,2026-06-04T07:15:00Z,'Landwirtschaft Klimawandel',www.telepolis.de,de,0.9,Frankreich in der Hitzefalle: Wenn der Klimawandel die Wirtschaft trifft,"Rekordtemperaturen im Mai belasten Atomkraft, Landwirtschaft und Bauwirtschaft. Die Zentralbank warnt vor schweren wirtschaftlichen Folgen.",https://www.telepolis.de/article/Frankreich-in-der-Hitzefalle-Wenn-der-Klimawandel-die-Wirtschaft-trifft-11317777.html,https://heise.cloudimg.io/bound/1200x1200/q85.png-lossy-85.webp-lossy-85.foil1/_www-heise-de_/imgs/18/5/0/9/4/4/7/7/Master_Frankreich-40c4b1edc9601143.jpg,,"Foto: Shutterstock.com
Rekordtemperaturen im Mai belasten Atomkraft, Landwirtschaft und Bauwirtschaft. Die Zentralbank warnt vor schweren wirtschaftlichen Folgen.
Dass Frankreich stärker als andere… [+5574 chars]",,"Frankreich in der Hitzefalle: Wenn der Klimawandel die Wirtschaft trifft. Rekordtemperaturen im Mai belasten Atomkraft, Landwirtschaft und Bauwirtschaft. Die Zentralbank warnt vor schweren wirtschaftlichen Folgen.","France in the heat trap: When climate change hits the economy. Record temperatures in May are putting a strain on nuclear power, agriculture and the construction industry. The central bank warns of serious economic consequences.","Gallia in laqueis caloris: Cum mutatio climatis oeconomiam pervenit. Record temperaturas mense Maio iactant vim nuclearem, agriculturam et industriam constructionis. Argentaria centralis monet graves consectariis oeconomicis.",2026-06-09 17:21:54+00:00
110cb0c745f930f3ee595daf7cbe7816,2026-06-04T13:44:16Z,'Klimawandel',www.diepresse.com,de,0.9,Warum echter Honig nie gleich schmecken sollte [premium],"Je nach Wetter, Blüte und Landschaft verändert sich das Aroma von Honig jedes Jahr aufs Neue – mittlerweile spielt hier sogar der Klimawandel mit.",https://www.diepresse.com/27282508/warum-echter-honig-nie-gleich-schmecken-sollte,https://img.diepresse.com/public/incoming/vu6fnz-2271376338/alternates/WEBP_WIDE_1200/2271376338,http://web.archive.org/web/20260605093821/https://www.diepresse.com/27282508/warum-echter-honig-nie-gleich-schmecken-sollte,"Guter Honig hinterlässt am Gaumen ein cremiges Gefühl und sollte auch im Abgang nicht sauer werden. Schmeckt er gärig eine typische Fehlnote , dann wurde er falsch und zu feucht geerntet. Der Rest is… [+7506 chars]",,"Warum echter Honig nie gleich schmecken sollte [premium]. Je nach Wetter, Blüte und Landschaft verändert sich das Aroma von Honig jedes Jahr aufs Neue – mittlerweile spielt hier sogar der Klimawandel mit.","Why real honey should never taste the same [premium]. Depending on the weather, flowers and landscape, the aroma of honey changes every year - climate change is now even playing a role here.","Quare verum mel numquam idem gustare debet. Secundum tempestatem, florum et landscape, odor mellis quotannis mutat - mutatio climatis nunc etiam munus hic agit.",2026-06-09 17:21:54+00:00
bfafab621feafa92359bc7c85db66a45,2026-06-08T15:20:49Z,'Landwirtschaft Klimawandel',www.tagesschau.de,de,0.9,Wie weniger Wasserverbrauch in der Landwirtschaft mehr Ertrag bringen kann,Durch den Klimawandel gibt es mehr Trockenperioden mit Wassermangel. Dies ist auch für die Landwirtschaft ein Problem. Doch durch sparsame Bewässerungstechniken lässt sich Wasser sparen - und der Ertrag steigern. Von S. Henn.,https://www.tagesschau.de/wissen/klima/bewaesserung-landwirtschaft-102.html,https://images.tagesschau.de/image/59c32b74-5848-4bdf-a6e0-572a0d8e4dfe/AAABnqeFCpU/AAABnSSvrFg/16x9-big/wasser-feld-100.jpg?width=1280,,"Stand: 08.06.2026 17:20 Uhr
Durch den Klimawandel gibt es mehr Trockenperioden mit Wassermangel. Dies ist auch für die Landwirtschaft ein Problem. Doch durch sparsame Bewässerungstechniken lässt sic… [+4808 chars]",,Wie weniger Wasserverbrauch in der Landwirtschaft mehr Ertrag bringen kann. Durch den Klimawandel gibt es mehr Trockenperioden mit Wassermangel. Dies ist auch für die Landwirtschaft ein Problem. Doch durch sparsame Bewässerungstechniken lässt sich Wasser sparen - und der Ertrag steigern. Von S. Henn.,"How less water consumption in agriculture can bring more yield. Climate change is causing more dry periods with water shortages. This is also a problem for agriculture. But through economical irrigation techniques, water can be saved - and yields increased. By S. Henn.","Quo minus aquae consumptio in agricultura plus cedat. Mutatio climatis causat periodos magis siccas cum aquarum inopias. Haec quoque quaestio agriculturae est. Sed per technicas oeconomicas irrigationes, aqua salvari potest - et cedit augeri. Apud S. Henn.",2026-06-09 17:21:54+00:00
26112ebdac69f1cc110d8a5fe17abb95,2026-06-03T22:01:00Z,'Energiewende',www.diepresse.com,de,0.9,Energiewende nur mit Elektromobilität,"Im Gespräch. Günstige E-Autos, eine gute Ladeinfrastruktur, langlebige und recycelbare Batterien und das Aufräumen mit Mythen waren Themen im Experten-Talk in der „Science Lounge“ von „Die Presse“.",https://www.diepresse.com/27300547/energiewende-nur-mit-elektromobilitaet,https://img.diepresse.com/public/incoming/oq949z-863a8787jpg/alternates/DPR_SOCIAL_SPONSORED/863A8787.jpg,http://web.archive.org/web/20260604042032/https://www.diepresse.com/27300547/energiewende-nur-mit-elektromobilitaet,"Katharina Seper, Philipp Wieser und Gerhard Meister diskutierten über die Zukunft der E-Mobilität. Rudolph Roland
Es bewegt sich viel in Sachen Mobilitätswende: Zwischen Jänner und April wurden rund… [+8540 chars]",,"Energiewende nur mit Elektromobilität. Im Gespräch. Günstige E-Autos, eine gute Ladeinfrastruktur, langlebige und recycelbare Batterien und das Aufräumen mit Mythen waren Themen im Experten-Talk in der „Science Lounge“ von „Die Presse“.","Energy transition only with electromobility. In conversation. Cheap electric cars, a good charging infrastructure, long-lasting and recyclable batteries and dispelling myths were topics in the expert talk in the “Science Lounge” of “Die Presse”.","Energy transitus solum ad electromobilitatem. In conversatione. Vilia carros electrica, infrastructuram bonam, diuturnam et recyclabilem batteries, et fabulas discutientes argumenta erant in perito sermone in ""Scientia Lounge"" de ""Die Presse"".",2026-06-11 09:09:43+00:00
9fe9b22db86aa5a1bc6312c5a337774c,2026-06-08T22:01:00Z,'Verbrenner-Aus Energiewende',www.diepresse.com,de,0.9,Energiewende nur mit Elektromobilität,"Günstige E-Autos, eine gute Ladeinfrastruktur, langlebige und recycelbare Batterien und das Aufräumen mit Mythen waren Themen im Experten-Talk in der „Science Lounge“ von „Die Presse“.",https://www.diepresse.com/26133064/energiewende-nur-mit-elektromobilitaet,https://img.diepresse.com/public/incoming/lllhmf-863a8787jpg/alternates/DPR_SOCIAL_COOPERATION/863A8787.jpg,,"Es bewegt sich viel in Sachen Mobilitätswende: Rund 104.700 Pkw mit E-Antrieb wurden zwischen Jänner und April in Österreich neu angemeldet, dennoch bleiben viele Menschen nach wie vor beim Verbrenne… [+2550 chars]",,"Energiewende nur mit Elektromobilität. Günstige E-Autos, eine gute Ladeinfrastruktur, langlebige und recycelbare Batterien und das Aufräumen mit Mythen waren Themen im Experten-Talk in der „Science Lounge“ von „Die Presse“.","Energy transition only with electromobility. Cheap electric cars, a good charging infrastructure, long-lasting and recyclable batteries and dispelling myths were topics in the expert talk in the “Science Lounge” of “Die Presse”.","Energy transitus solum ad electromobilitatem. Vilia carros electrica, infrastructuram bonam, diuturnam et recyclabilem batteries, et fabulas discutientes argumenta erant in perito sermone in ""Scientia Lounge"" de ""Die Presse"".",2026-06-11 09:09:43+00:00
d4bd2b58d82c17d3465df9eb853ee6c0,2026-06-04T17:37:02Z,'Industrie Klimawandel',www.n-tv.de,de,0.9,"Lieber nichts davon wissen?: USA demontieren ""weltweit fortschrittlichste"" Klimawandel-Messstationen","Wetterbeobachtung ja, Wissenschaft nein: Die US-Regierung baut ein hochmodernes Messsystem in den Weltmeeren ab. Für sie ist es offenbar Teil der ""Klimawandel-Alarmindustrie"". Forscher, Aktivisten und Politiker kritisieren den Schritt.",https://www.n-tv.de/politik/USA-demontieren-weltweit-fortschrittlichste-Klimawandel-Messstationen-id30893152.html,https://www.n-tv.de/img/30893174/1780600935/Img_16_9/1200/Eine-der-Messstationen-liegt-vor-der-US-Ostkueste-sie-soll-bis-kommendes-Jahr-abgebaut-sein-Das-Foto-stammt-von-der-Installation.jpg,,"Eine der Messstationen liegt vor der US-Ostküste, sie soll bis kommendes Jahr abgebaut sein. Das Foto stammt von der Installation. (Foto: OOI / NSF / Woods Hole Oceanographic Institution)
Wetterbeob… [+5867 chars]",,"Lieber nichts davon wissen?: USA demontieren ""weltweit fortschrittlichste"" Klimawandel-Messstationen. Wetterbeobachtung ja, Wissenschaft nein: Die US-Regierung baut ein hochmodernes Messsystem in den Weltmeeren ab. Für sie ist es offenbar Teil der ""Klimawandel-Alarmindustrie"". Forscher, Aktivisten und Politiker kritisieren den Schritt.","Would you rather not know about it?: USA is dismantling “the world’s most advanced” climate change measuring stations. Weather observation yes, science no: The US government is dismantling a state-of-the-art measurement system in the world's oceans. For them it is apparently part of the “climate change alarm industry”. Researchers, activists and politicians criticize the move.","Visne scire de eo?: USA deprimit ""provectiorem mundi"" mutationem statio climatis mensurandi. Tempestas observatio sic, scientia nulla: Imperium US de statu mensurae systematis in oceanis mundi deprimit. Illis videtur pars ""caeli mutatio terror industriae"". Investigatores, activistae et politici rem criticam movere possunt.",2026-06-11 13:55:34+00:00
a20c65ec5043bd1a70c8f742f2d6c0f9,2026-06-09T12:06:11Z,'Industrie Klimawandel',orf.at,de,0.9,„Klimawandel verändert Wasserhaushalt“,"Je höher die Temperaturen steigen, desto mehr Wasser verdunstet, und desto stärker trocknen die Böden aus. Gleichzeitig nehmen die Niederschläge im Sommer ab, wodurch die Grundwasserstände zusätzlich sinken. Zu diesem Zwischenergebnis kommt eine am Dienstag p…",https://orf.at/stories/3432804/,https://ibs.orf.at/news?image=https%3A%2F%2Fassets.orf.at%2Fmims%2F2026%2F24%2F44%2Fcrops%2Fw%3D1200%2Ch%3D630%2Cq%3D75%2F3066560_master_1187144_klima_totschnig_grundwasser2_o.jpg%3Fs%3D381edcd2432d2da36e7c83497fa7541565aed960,http://web.archive.org/web/20260609200159/https://orf.at/stories/3432804/,"Um diesen Herausforderungen wirksam zu begegnen, müssen wir Entwicklungen frühzeitig erkennen und unser Handeln auf eine solide wissenschaftliche Grundlage stellen, sagte Totschnig am Dienstag in ein… [+4578 chars]",,"„Klimawandel verändert Wasserhaushalt“. Je höher die Temperaturen steigen, desto mehr Wasser verdunstet, und desto stärker trocknen die Böden aus. Gleichzeitig nehmen die Niederschläge im Sommer ab, wodurch die Grundwasserstände zusätzlich sinken. Zu diesem Zwischenergebnis kommt eine am Dienstag p…","“Climate change is changing the water balance”. The higher temperatures rise, the more water evaporates and the soil dries out. At the same time, rainfall decreases in summer, which further reduces groundwater levels. This interim result was reached on Tuesday...","""Mutatio climatis mutatur aqua statera"". Temperaturae superiores oriuntur, aqua magis evanescit et humus arescit. Eodem tempore, pluviae aestatis decrescit, quae ulteriores gradus campi aquarum minuit. Hoc interim eventum die Martis perventum est...",2026-06-11 13:55:34+00:00
9380da7cb9a00dd87bdaca78b344b27e,2026-06-02T14:15:02Z,'Energiewende',www.golem.de,de,0.9,Energiewende: Erneuerbare sparen 100 bis 600 Milliarden pro Jahr,"Schwankende Preise fossiler Energien verursachen hohe Kosten und Versorgungslücken. Der schnelle Ausbau von Wind- und Solarkraft in der EU ändert das. (Energiewende, Windkraft)",https://www.golem.de/sonstiges/zustimmung/auswahl.html?from=https://www.golem.de/news/energiewende-erneuerbare-sparen-100-bis-600-milliarden-pro-jahr-2606-209317.html&referer=https://t.co/ca276b824b,,,"Besuchen Sie Golem.de wie gewohnt mit Werbung und Tracking,
 indem Sie der Nutzung aller Cookies zustimmen.
 Details zum Tracking finden Sie im Privacy Center.
Skript wurde nicht geladen. Informat… [+607 chars]",,"Energiewende: Erneuerbare sparen 100 bis 600 Milliarden pro Jahr. Schwankende Preise fossiler Energien verursachen hohe Kosten und Versorgungslücken. Der schnelle Ausbau von Wind- und Solarkraft in der EU ändert das. (Energiewende, Windkraft)","Energy transition: Renewables save 100 to 600 billion per year. Fluctuating prices for fossil fuels cause high costs and supply gaps. The rapid expansion of wind and solar power in the EU is changing that. (Energy transition, wind power)","Energy transitus: Renovationes salvae 100 ad 600 miliarda per annum. Pretia fluctuantia pro fossilibus fuels magnos sumptuum causant et hiatus supplent. Celeritas dilatatio venti et potentiae solaris in UE mutatur. (vi transitus, venti potentia)",2026-06-11 18:10:24+00:00
9cc1b818df3855892a883d8f05871ce1,2026-06-02T16:12:51Z,'Energiewende',scilogs.spektrum.de,de,0.9,Das „Windenergierätsel“ der WELT,"Aus den SciLogs: Ich hatte letzte Woche am Ende meines Beitrags Energiewende mit handfesten Zahlen in die Runde gefragt: „Welcher Frage oder Behauptung aus jenem Bereich sollte ich denn eurer Einschätzung nach einmal auf den Grund gehen, zumindest soweit, wie…",https://scilogs.spektrum.de/relativ-einfach/das-windenergieraetsel-der-welt/,https://scilogs.spektrum.de/relativ-einfach/files/Power_County_Wind_Farm_002.jpg,,Ich hatte letzte Woche am Ende meines Beitrags Energiewende mit handfesten Zahlen in die Runde gefragt: „Welcher Frage oder Behauptung aus jenem Bereich sollte ich denn eurer Einschätzung nach einmal… [+20086 chars],,"Das „Windenergierätsel“ der WELT. Aus den SciLogs: Ich hatte letzte Woche am Ende meines Beitrags Energiewende mit handfesten Zahlen in die Runde gefragt: „Welcher Frage oder Behauptung aus jenem Bereich sollte ich denn eurer Einschätzung nach einmal auf den Grund gehen, zumindest soweit, wie…","The “wind energy puzzle” of the WORLD. From the SciLogs: Last week, at the end of my article on the energy transition, I asked the group with solid figures: “Which question or claim from that area do you think I should get to the bottom of, at least as far as...","In aenigmate ""venti"" mundi. Ex SciLogs: Ultima septimana, in fine articuli mei de industria transitus, catervam quaesivi cum solidis figuris: ""Quam quaestionem an petas ex area, putas me ad imum, saltem usque ad...",2026-06-11 18:10:24+00:00
d36b18e7f52d008ff08f09a4d81449bb,2026-06-09T02:00:00Z,'Verbrenner-Aus Energiewende',www.freitag.de,de,0.9,Wie funktioniert die chinesische Planwirtschaft genau?,"China ist die große Hoffnung für eine globale Energiewende und weckt hohe Erwartungen an die Nutzung künstlicher Intelligenz. Dem liegt ein System zugrunde, das unser Autor „gelenkte Marktwirtschaft“ nennt Chinas Aufstieg imponiert. Im Freitag haben Johan Roc…",https://www.freitag.de/autoren/der-freitag/wie-funktioniert-die-chinesische-planwirtschaft-genau,https://www.freitag.de/autoren/der-freitag/wie-funktioniert-die-chinesische-planwirtschaft-genau/@@images/image/great,http://web.archive.org/web/20260610021430/https://www.freitag.de/autoren/der-freitag/wie-funktioniert-die-chinesische-planwirtschaft-genau,"Chinas Aufstieg imponiert. Im Freitag haben Johan Rockström und Inga Strümke neulich auf einige zentrale Aspekte des chinesischen Erfolgsmodells verwiesen: wissenschaftliche Publikationen, Patente, T… [+7777 chars]",,"Wie funktioniert die chinesische Planwirtschaft genau?. China ist die große Hoffnung für eine globale Energiewende und weckt hohe Erwartungen an die Nutzung künstlicher Intelligenz. Dem liegt ein System zugrunde, das unser Autor „gelenkte Marktwirtschaft“ nennt Chinas Aufstieg imponiert. Im Freitag haben Johan Roc…",How does the Chinese planned economy work exactly? China is the great hope for a global energy transition and raises high expectations for the use of artificial intelligence. This is based on a system that our author calls a “managed market economy.” China's rise is impressive. On Friday Johan Roc...,"Quomodo Seres cogitavit oeconomia opus prorsus? Sinae magna spes est transitus energiae globalis et exspectationes erigit de usu intellegentiae artificialis. Hoc fundatur in systemate quam auctor noster ""oeconomicam mercaturam administratam"" appellat. Sinarum ortus est gravis. Die Veneris Johan Roc.",2026-06-11 18:10:24+00:00
f57887dd8301d000e45205725e57f566,2026-06-10T13:40:00Z,'Energiewende',www.freitag.de,de,0.9,Wärmepumpen als Sondermüll: Wie sich das Rohstoffproblem der Energiewende lösen lässt,"Dekarbonisierung ist notwendig. Aber die ökologische Wende gelingt nur, wenn sie mit dem massiven Ressourcenverbrauch des fossilen Zeitalters bricht. Das ist derzeit kaum der Fall, ob bei Elektromobilität, Windkraft oder Batterien Im Westen Serbiens beginnt E…",https://www.freitag.de/autoren/joern-boewe/energiewende-wenn-aus-waermepumpen-sondermuell-wird-ist-das-ein-rohstoffproblem,https://www.freitag.de/autoren/joern-boewe/energiewende-wenn-aus-waermepumpen-sondermuell-wird-ist-das-ein-rohstoffproblem/@@images/image/great,,"Im Westen Serbiens beginnt Europas saubere Zukunft. Oder sie endet dort. So sehen es jedenfalls viele Menschen im Jadar-Tal, wo der Bergbaukonzern Rio Tinto Lithium fördern will. Unter den Ackerfelde… [+10204 chars]",,"Wärmepumpen als Sondermüll: Wie sich das Rohstoffproblem der Energiewende lösen lässt. Dekarbonisierung ist notwendig. Aber die ökologische Wende gelingt nur, wenn sie mit dem massiven Ressourcenverbrauch des fossilen Zeitalters bricht. Das ist derzeit kaum der Fall, ob bei Elektromobilität, Windkraft oder Batterien Im Westen Serbiens beginnt E…","Heat pumps as hazardous waste: How the raw material problem of the energy transition can be solved. Decarbonization is necessary. But the ecological transition will only succeed if it breaks with the massive consumption of resources of the fossil age. This is hardly the case at the moment, whether with electromobility, wind power or batteries. E...","Calor soleatus ut ancipitia vastitas: Quomodo materia rudis problema energiae transitus solvi potest. Decarbonization est necessaria. Sed transitus oecologicus tantum succedet si magna consumptio opum fossilis aetatis erumpit. Hoc in momento vix est, utrum cum electromobilitatem, venti vim, vel gravidam. E...",2026-06-11 18:10:24+00:00
a70d11d2ac92c6d3d48dc163af0d533a,2026-06-08T10:22:51Z,'Verbrenner-Aus Energiewende',www.tagesspiegel.de,de,0.9,Klimakonferenz: Treibt Trump die Energiewende voran?,Die Energiepreise sind durch den Iran-Krieg in die Höhe geschossen. Für Klimaschützer birgt das auch eine Chance: Die Kostenexplosion könnte den Übergang zu den Erneuerbaren beschleunigen.,https://www.tagesspiegel.de/politik/klimakonferenz-treibt-trump-die-energiewende-voran-15691819.html,https://www.tagesspiegel.de/images/15692674/alternates/BASE_16_9_W1400/1780920044000/un-klimakonferenz-in-bonn.jpeg,http://web.archive.org/web/20260609084559/https://www.tagesspiegel.de/politik/klimakonferenz-treibt-trump-die-energiewende-voran-15691819.html,US-Präsident Donald Trump hat sich mit seinem Land schon zum zweiten Mal aus dem Pariser Klimaabkommen verabschiedet - doch mit seinem Krieg gegen den Iran könnte er den Trend zu erneuerbaren Energie… [+4774 chars],,Klimakonferenz: Treibt Trump die Energiewende voran?. Die Energiepreise sind durch den Iran-Krieg in die Höhe geschossen. Für Klimaschützer birgt das auch eine Chance: Die Kostenexplosion könnte den Übergang zu den Erneuerbaren beschleunigen.,Climate conference: Is Trump driving the energy transition? Energy prices have skyrocketed due to the Iran war. This also presents an opportunity for climate protectors: the cost explosion could accelerate the transition to renewables.,Clima colloquium: Numquid BUCINUM navitas transitum agitantem? Energia pretia skyrocketed propter bellum Iranianum habent. Hoc etiam opportunitatem praesidiis climatis praebet: sumptus explosionis transitum ad innovationes accelerare potuit.,2026-06-12 02:53:38+00:00
f9e5d4db3ddca83b49f1e22b87f06bd4,2026-06-08T11:59:32Z,'Energiewende',www.stern.de,de,0.9,Klimakonferenz: Treibt Trump die Energiewende voran?,Die Energiepreise sind durch den Iran-Krieg in die Höhe geschossen. Für Klimaschützer birgt das auch eine Chance: Die Kostenexplosion könnte den Übergang zu den Erneuerbaren beschleunigen.,https://www.stern.de/politik/deutschland/klimakonferenz--treibt-trump-die-energiewende-voran--37510298.html,https://image.stern.de/37510734/t/5b/v1/w1440/r1.7778/-/08--zcxutncousv9axs2048jpeg---a70a6ab814131dd2.jpg,http://web.archive.org/web/20260609044519/https://www.stern.de/politik/deutschland/klimakonferenz--treibt-trump-die-energiewende-voran--37510298.html,"Kopiere den aktuellen Link
Zur Merkliste hinzufügen
Die Energiepreise sind durch den Iran-Krieg in die Höhe geschossen. Für Klimaschützer birgt das auch eine Chance: Die Kostenexplosion könnte den … [+4918 chars]",,Klimakonferenz: Treibt Trump die Energiewende voran?. Die Energiepreise sind durch den Iran-Krieg in die Höhe geschossen. Für Klimaschützer birgt das auch eine Chance: Die Kostenexplosion könnte den Übergang zu den Erneuerbaren beschleunigen.,Climate conference: Is Trump driving the energy transition? Energy prices have skyrocketed due to the Iran war. This also presents an opportunity for climate protectors: the cost explosion could accelerate the transition to renewables.,Clima colloquium: Numquid BUCINUM navitas transitum agitantem? Energia pretia skyrocketed propter bellum Iranianum habent. Hoc etiam opportunitatem praesidiis climatis praebet: sumptus explosionis transitum ad innovationes accelerare potuit.,2026-06-12 02:53:38+00:00
d92f7269014899a48ce727873676c313,2026-06-03T08:22:18Z,'Verbrenner-Aus Energiewende',www.spektrum.de,de,0.9,Energiepolitik: Branche warnt vor Ausbremsen der Energiewende,"Fachleute schätzen ein, dass die Bundesrepublik die gesetzten Klimaziele in Zukunft verfehlen wird. Darüber spricht die Podcast-Folge von »Mission Energiewende«. ️",https://www.spektrum.de/podcast/mission-energiewende-branche-warnt-vor-ausbremsen-der-energiewende/2327508,https://static.spektrum.de/fm/912/f1920x1080/GettyImages-2078332485.jpg,,"Ein Podcast von 
Branche warnt vor Ausbremsen der Energiewende
Die Windenergiebranche in Deutschland blickt mit Sorge auf die energiepolitischen Pläne von Bundeswirtschaftsministerin Katherina Reic… [+2888 chars]",,"Energiepolitik: Branche warnt vor Ausbremsen der Energiewende. Fachleute schätzen ein, dass die Bundesrepublik die gesetzten Klimaziele in Zukunft verfehlen wird. Darüber spricht die Podcast-Folge von »Mission Energiewende«. ️",Energy policy: Industry warns against slowing down the energy transition. Experts estimate that the Federal Republic will miss its climate targets in the future. The podcast episode of “Mission Energy Transition” talks about this. ️,"Energy policy: Industry monet contra tarditatem energiae transitus. Periti aestimant Reipublicae foederalis scuta sua caelica in futuro missurum esse. Eventus podcasts ""Energy Transitionis Missionis"" de hoc loquitur. ️",2026-06-12 08:55:49+00:00
06d7a9080bdbc95d8da1ec6404927dea,2026-06-09T05:20:00Z,'Energiewende',www.drweb.de,de,0.9,Netzausbau blockiert 45 Milliarden für die Energiewende,"Der schleppende Ausbau der Stromnetze blockiert in Deutschland Investitionen in Milliardenhöhe. Eine Studie des Beratungsunternehmens Afry beziffert das Volumen, das wegen fehlender Netzkapazitäten derzeit...",https://www.drweb.de/netzausbau-blockiert-45-milliarden-fuer-die-energiewende/,https://www.drweb.de/wp-content/uploads/2026/06/netzausbau-blockiert-45-milliarden-fuer-die-energiewende-beitragsbild.jpg,,"Der schleppende Ausbau der Stromnetze blockiert in Deutschland Investitionen in Milliardenhöhe. Eine Studie des Beratungsunternehmens Afry beziffert das Volumen, das wegen fehlender Netzkapazitäten d… [+3447 chars]",,"Netzausbau blockiert 45 Milliarden für die Energiewende. Der schleppende Ausbau der Stromnetze blockiert in Deutschland Investitionen in Milliardenhöhe. Eine Studie des Beratungsunternehmens Afry beziffert das Volumen, das wegen fehlender Netzkapazitäten derzeit...",Grid expansion blocks 45 billion for the energy transition. The slow expansion of the electricity grid is blocking investments worth billions in Germany. A study by the consulting company Afry quantifies the volume that is currently...,Eget dilatatio obstruit 45 miliarda pro energia transitus. Tarda dilatatio electricitatis eget pretium pecuniae billions in Germania interclusit. Studium societatis consulendae Afry quantitat volumen quod nunc est...,2026-06-12 08:55:49+00:00
dc0d5136608e30402a6b912fd331102e,2026-06-03T11:25:21Z,'Klimawandel',www.faz.net,de,0.9,40 Jahre Umweltministerium: „Klimawandel bleibt Überlebensfrage“ – Merkel ermahnt Regierung,"Angela Merkel war nicht nur Bundeskanzlerin, sondern auch schon Bundesumweltministerin. Zum Jubiläum des Ministeriums schlägt sie kritische Töne zur aktuellen Klimapolitik an und verteidigt ihren Atomausstieg.",https://www.faz.net/aktuell/wirtschaft/klimawandel-bleibt-ueberlebensfrage-merkel-ermahnt-regierung-accg-200894423.html,https://media0.faz.net/image/w1200h627/5617d520506d/w3636h1899x0y296o/202606/43601.0.2175183978/die-bundeskanzlerin-a-d-und.webp,,"Da sage noch mal jemand, Umweltschutz sei finanziell nicht attraktiv. Bei Amazon wird ein gebrauchtes Buch der ehemaligen Bundesumweltministerin Angela Merkel (CDU) für 289,99 Euro angeboten. Im Jahr… [+6140 chars]",,"40 Jahre Umweltministerium: „Klimawandel bleibt Überlebensfrage“ – Merkel ermahnt Regierung. Angela Merkel war nicht nur Bundeskanzlerin, sondern auch schon Bundesumweltministerin. Zum Jubiläum des Ministeriums schlägt sie kritische Töne zur aktuellen Klimapolitik an und verteidigt ihren Atomausstieg.","40 years of the Environment Ministry: “Climate change remains a question of survival” – Merkel warns the government. Angela Merkel was not only Federal Chancellor, but also Federal Environment Minister. On the ministry's anniversary, she adopted a critical tone about current climate policy and defended its nuclear phase-out.","XL annos Ministerii Environment: ""Clima mutationis quaestio superstes manet"" - Merkel monet imperium. Angela Merkel non solum cancellarius foederalis, sed etiam minister foederalis erat. Die anniversario ministerii, tonum criticum de hodierno climate sumpsit et suum tempus nuclei defendit.",2026-06-15 19:02:59+00:00
58eed84746b731145f75bf23cb09378b,2026-06-06T14:24:15Z,'Klimawandel',www.faz.net,de,0.9,"Zukunftsvision: Die Welt von morgen: Überall Pinien, die Bahn ohne Fahrplan","Wir schreiben das Jahr 2050: Der Klimawandel schreitet voran, die Züge sind noch immer nicht pünktlich. Und sonst?",https://www.faz.net/aktuell/wirtschaft/die-welt-von-morgen-ueberall-pinien-die-bahn-ohne-fahrplan-accg-200813026.html,https://media0.faz.net/image/w1200h627/9bc27bd87b43/w4032h2106x0y501o/202602/43601.0.1756001766/wie-in-rom-pinien-koennten.webp,http://web.archive.org/web/20260607012742/https://www.faz.net/aktuell/wirtschaft/die-welt-von-morgen-ueberall-pinien-die-bahn-ohne-fahrplan-accg-200813026.html,"Lange ist es nicht mehr hin. Knapp 25 Jahre noch, dann ist die Jahrhundertmitte erreicht. Lange ist es aber auch nicht her, dass wir die Jahrtausendwende begingen, damals eine Projektionsfläche für Z… [+9422 chars]",,"Zukunftsvision: Die Welt von morgen: Überall Pinien, die Bahn ohne Fahrplan. Wir schreiben das Jahr 2050: Der Klimawandel schreitet voran, die Züge sind noch immer nicht pünktlich. Und sonst?","Vision of the future: The world of tomorrow: pine trees everywhere, the train without a timetable. The year is 2050: climate change is progressing, the trains are still not on time. And otherwise?","Visio futuri: Mundus crastinus: pinus ubique, agmen sine intermittit. Annus MML est: mutatio climatis progreditur, impedimenta non sunt in tempore. Et aliter?",2026-06-15 19:02:59+00:00
faadec90f2fe0345f302db12bf4212e4,2026-06-11T08:57:55Z,'Energiewende',www.faz.net,de,0.9,Energiewende: „Die technischen Lösungen sind da“,Deutschland nutzt den wachsenden Anteil an Strom aus Sonne und Wind  immer noch nicht effizient genug. Der Aachener Energieökonom Aaron Praktiknjo benennt die beiden größten Hürden.,https://www.faz.net/aktuell/wissen/physik-mehr/energiewende-die-technischen-loesungen-sind-da-accg-200895878.html,https://media0.faz.net/image/w1200h627/9398d8e39a75/w3000h1567x0y200o/201207/431.0.46783207/der-strom-muss-in-den-sueden.webp,http://web.archive.org/web/20260613162707/https://www.faz.net/aktuell/wissen/physik-mehr/energiewende-die-technischen-loesungen-sind-da-accg-200895878.html,"Bis 2030 sollen 80 Prozent des Strombedarfs dauerhaft mit erneuerbaren Energien gedeckt werden. Davon sind wir weit entfernt. Dabei gibt es oft  zu viel sauberen Strom, nur wird er dann eben nicht ge… [+7594 chars]",,Energiewende: „Die technischen Lösungen sind da“. Deutschland nutzt den wachsenden Anteil an Strom aus Sonne und Wind  immer noch nicht effizient genug. Der Aachener Energieökonom Aaron Praktiknjo benennt die beiden größten Hürden.,Energy transition: “The technical solutions are there”. Germany is still not using the growing share of electricity from solar and wind efficiently enough. The Aachen energy economist Aaron Praktiknjo names the two biggest hurdles.,"Energy transitus: ""Solutiones technicae ibi sunt"". Germania adhuc non utitur parte crescentis electricitatis ex solari et vento satis efficaciter. Aachen industria oeconomus Aaron Praktiknjo nominat duas crates maximas.",2026-06-16 03:27:23+00:00
849c77d1619ca81ffcbc9f2158e94b23,2026-06-14T06:59:31Z,'Lithium Energiewende',www.n-tv.de,de,0.9,"Neue Mächte der Energiewende: Deutschland zögert, Vietnam und Thailand ziehen vorbei","China läuft Europa bei der Energiewende den Rang ab. In Staaten wie Thailand oder Vietnam boomen Elektromobilität und Erneuerbare ebenfalls. Aus Eigennutz: Sie möchten kein Geld mehr für fossile Importe ausgeben, sondern welches verdienen. Europa muss sich sp…",https://www.n-tv.de/wirtschaft/Deutschland-zoegert-Vietnam-und-Thailand-ziehen-vorbei-id30949293.html,https://www.n-tv.de/img/30951340/1781104413/Img_16_9/1200/Hanoi-views-Genre-photography.jpg,,"Der Verkehr in Hanoi ist für viele Menschen nur mit Maske zu ertragen. Noch. (Foto: picture alliance / Sipa USA)
Lange Zeit ist Europa der Vorreiter der Energiewende. Inzwischen läuft China Ländern … [+12158 chars]",,"Neue Mächte der Energiewende: Deutschland zögert, Vietnam und Thailand ziehen vorbei. China läuft Europa bei der Energiewende den Rang ab. In Staaten wie Thailand oder Vietnam boomen Elektromobilität und Erneuerbare ebenfalls. Aus Eigennutz: Sie möchten kein Geld mehr für fossile Importe ausgeben, sondern welches verdienen. Europa muss sich sp…","New powers of the energy transition: Germany hesitates, Vietnam and Thailand are passing by. China is outpacing Europe in the energy transition. In countries like Thailand and Vietnam, electromobility and renewables are also booming. Out of self-interest: They no longer want to spend money on fossil imports, but instead want to earn some. Europe must...","Novae potentiae energiae transitus: Germania haesitat, Vietnam et Thailandia transeunt. Sinae energiae transitus in Europam vagatur. In regionibus sicut Thailand et Vietnam, electromobilitas et renovationes etiam sonabant. Ex re propria: Pecuniam in fossilibus importare non volunt, sed aliquos mereri volunt. Europa oportet...",2026-06-16 18:54:12+00:00
37ac39ccb5da4b504234d5f358af376a,2026-06-11T06:00:29Z,'Gesundheit Klimawandel',www.faz.net,de,0.9,So teuer wird der Klimawandel: Ärzte und Klimaschützer schlagen Hitzealarm,"Deutschland ist nicht ausreichend auf die Risiken durch längere Hitzeperioden vorbereitet. Das kostet nicht nur Geld, sondern auch Menschenleben.",https://www.faz.net/aktuell/wirtschaft/klima-nachhaltigkeit/so-teuer-wird-der-klimawandel-fuer-deutschland-experten-schlagen-alarm-accg-200916508.html,https://media0.faz.net/image/w1200h627/303c2c065819/w6048h3160x0y432o/202606/43601.0.2189332121/ohne-sonnenschutz-geht-es.webp,,"Der Sommer steht vor der Tür, schon Ende Mai wurden in einigen Regionen des Landes hochsommerliche Temperaturen von deutlich mehr als 30 Grad Celsius gemessen. Und wegen des Klimawandels wird es künf… [+5403 chars]",,"So teuer wird der Klimawandel: Ärzte und Klimaschützer schlagen Hitzealarm. Deutschland ist nicht ausreichend auf die Risiken durch längere Hitzeperioden vorbereitet. Das kostet nicht nur Geld, sondern auch Menschenleben.","This is how expensive climate change is becoming: Doctors and climate activists are sounding the heat alarm. Germany is not sufficiently prepared for the risks posed by longer periods of heat. This not only costs money, but also human lives.","Haec est quam pretiosa mutatio climatis decet: Doctores et activi aeris terrorem sonant. Germania periculosis aetatibus diuturnis caloribus non satis paratur. Haec non solum pecunia constat, sed etiam vita humana.",2026-06-16 22:07:52+00:00
6b3e43ed64249be4279cad9b0d02f1c5,2026-06-11T06:00:29Z,'Klimawandel',www.faz.net,de,0.9,So teuer wird der Klimawandel: Pfleger und Klimaforscher schlagen Hitzealarm,"Deutschland ist nicht ausreichend auf die Risiken durch längere Hitzeperioden vorbereitet. Das kostet nicht nur Geld, sondern auch Menschenleben.",https://www.faz.net/aktuell/wirtschaft/klima-nachhaltigkeit/klima-experten-schlagen-hitzealarm-accg-200916508.html,https://media0.faz.net/image/w1200h627/303c2c065819/w6048h3160x0y432o/202606/43601.0.2189332121/ohne-sonnenschutz-geht-es.webp,,"Der Sommer steht vor der Tür, schon Ende Mai wurden in einigen Regionen des Landes hochsommerliche Temperaturen von deutlich mehr als 30 Grad Celsius gemessen. Und wegen des Klimawandels wird es künf… [+5397 chars]",,"So teuer wird der Klimawandel: Pfleger und Klimaforscher schlagen Hitzealarm. Deutschland ist nicht ausreichend auf die Risiken durch längere Hitzeperioden vorbereitet. Das kostet nicht nur Geld, sondern auch Menschenleben.","This is how expensive climate change is becoming: nurses and climate researchers are sounding the heat alarm. Germany is not sufficiently prepared for the risks posed by longer periods of heat. This not only costs money, but also human lives.","Haec est quam pretiosa mutatio climatis facta est: nutrices et investigatores caeli terrorem sonant. Germania periculosis aetatibus diuturnis caloribus non satis paratur. Haec non solum pecunia constat, sed etiam vita humana.",2026-06-16 22:07:52+00:00
9e02d47c53ca054cc8b5e3beac5fd66a,2026-06-12T15:00:14Z,'Klimawandel',www.tagesspiegel.de,de,0.9,Wie gefährlich sind Ewigkeitschemikalien?: „Ich halte PFAS für so bedrohlich wie den Klimawandel“,"Sie stecken in Pfannen, Hautpflege, Regenjacken – und in unserem Blut. Die Investigativ-Journalistin Mariah Blake erklärt, welche Gefahren daraus für unsere Gesundheit erwachsen und wie die Industrie verhinderte, dass die Stoffe verboten werden.",https://www.tagesspiegel.de/wissen/wie-gefahrlich-sind-ewigkeitschemikalien-ich-halte-pfas-fur-so-bedrohlich-wie-den-klimawandel-15708173.html,https://www.tagesspiegel.de/images/15710012/alternates/BASE_16_9_W1400/1781273443000/environment-engineer-collect-samples-of-wastewater-from-industrial-canals-in-test-tube-close-up-hand-with-glove-collect-samples-of-wastewater-from-industrial-canals-in-test-tube-mobile-water-laboratory-check.jpeg,,"Frau Blake, Sie haben investigativ zu den Ewigkeitschemikalien PFAS recherchiert. PFAS sind Chemikalien, die kaum in unserer Umwelt und unseren Körpern abgebaut werden können. Wie viel davon nimmt ma… [+146 chars]",,"Wie gefährlich sind Ewigkeitschemikalien?: „Ich halte PFAS für so bedrohlich wie den Klimawandel“. Sie stecken in Pfannen, Hautpflege, Regenjacken – und in unserem Blut. Die Investigativ-Journalistin Mariah Blake erklärt, welche Gefahren daraus für unsere Gesundheit erwachsen und wie die Industrie verhinderte, dass die Stoffe verboten werden.","How dangerous are forever chemicals?: “I think PFAS is as threatening as climate change.” They're in pans, skincare, raincoats - and in our blood. Investigative journalist Mariah Blake explains the dangers this poses to our health and how the industry prevented the substances from being banned.","Quam periculosae sunt in aeternum oeconomiae?: ""Pfas opinor tam minari quam mutationem climatis"". Sunt in patinis, pellibus, paenulis, et in nostro sanguine. Diurnarius inquisitivus Mariah Blake pericula quae salutis nostrae proponit et quomodo industria substantias vetuit impedivit.",2026-06-16 22:07:52+00:00
86d74b4698c50dc0104458bf02eadfbd,2026-06-15T16:35:56Z,'Lithium Energiewende',www.faz.net,de,0.9,Energiewende: Wohin mit all dem grünen Strom?,"Zu viel Strom aus Wind und Sonne bringt immer wieder das Netz ans Limit. Jetzt gibt es dafür neue Lösungen. Industriekonzerne, Energiefirmen und Start-ups probieren sie aus.",https://www.faz.net/aktuell/wirtschaft/energiewende-wohin-mit-all-dem-gruenen-strom-200922251.html,https://media0.faz.net/image/w1200h627/8565f2c52309/w6144h3210x0y316o/202605/43601.0.2093916855/solarpark-in-bayern.webp,,"Wenn der Chemiemanager Ferdinand Rammrath erklären will, wie er seine Fabrik in Brunsbüttel mit günstiger grüner Energie versorgen will, dann erzählt er vom Nachtspeicherofen seiner Oma. Die früher w… [+13696 chars]",,"Energiewende: Wohin mit all dem grünen Strom?. Zu viel Strom aus Wind und Sonne bringt immer wieder das Netz ans Limit. Jetzt gibt es dafür neue Lösungen. Industriekonzerne, Energiefirmen und Start-ups probieren sie aus.","Energy transition: where to put all the green electricity? Too much electricity from wind and sun repeatedly pushes the grid to its limits. Now there are new solutions for this. Industrial groups, energy companies and start-ups are trying them out.","Energy transitus: ubi ad omnem viridem electricitatem? Nimis electricitatis a vento et sole saepe euismod ad fines suos impellit. Novae autem solutiones ad hoc sunt. Sodalitates industriales, societates energiae et ups-satiales eas conantur.",2026-06-17 21:56:40+00:00
d4950c991e959edf63f7ce5a510ae4bd,2026-06-03T12:55:04Z,'fossile Brennstoffe Energiewende',www.sueddeutsche.de,de,0.9,Energiewende: Neues Heizungsgesetz: „Handwerklich mangelhaft“,Möglichst rasch und geräuschlos will die Koalition die Abschwächung des Heizungsgesetzes über die Bühne bringen. Doch in den Bundesländern regt sich Widerstand.,https://www.sueddeutsche.de/politik/heizungsgesetz-kritik-bundesrat-li.3493103,https://www.sueddeutsche.de/2023/06/28/b40493b8-5f2a-49b3-9932-c77e35f3608f.jpeg?q=60&fm=webp&width=1200&rect=0%2C70%2C1350%2C759,http://web.archive.org/web/20260604015817/https://www.sueddeutsche.de/politik/heizungsgesetz-kritik-bundesrat-li.3493103,"Bisher haben sich erst die Ausschüsse des Bundesrats mit dem Gesetzesvorhaben befasst, aber allein ihre Vorbehalte füllen 59 Seiten. Generell sei festzustellen, dass der Entwurf in die falsche Richtu… [+4282 chars]",,Energiewende: Neues Heizungsgesetz: „Handwerklich mangelhaft“. Möglichst rasch und geräuschlos will die Koalition die Abschwächung des Heizungsgesetzes über die Bühne bringen. Doch in den Bundesländern regt sich Widerstand.,Energy transition: New heating law: “Inadequate craftsmanship”. The coalition wants to weaken the heating law as quickly and quietly as possible. But there is resistance in the federal states.,"Energy transitus: Nova calefactio legis: ""Insufficiens artificium"". Coolitio legem calefactionem debilitare vult quam celerrime et quiete. Sed in civitatibus foederatis resistitur.",2026-06-18 22:01:33+00:00
d3b8efc586b008bea0f4d8645490220b,2026-06-11T08:28:01Z,'Energiewende',www.zeit.de,de,0.9,Erneuerbare Energien: Warum Reiches Reform die Energiewende noch teurer machen könnte,Wirtschaftsministerin Katherina Reiche fordert mehr Kosteneffizienz bei Erneuerbaren. Doch ihre Ökostromreform könnte am Ende die Strompreise weiter steigen lassen.,https://www.zeit.de/wirtschaft/2026-06/erneuerbare-energien-reform-katherina-reiche-energiewende,https://img.zeit.de/wirtschaft/2026-06/erneuerbare-energien-reform-katherina-reiche-energiewende-bild/wide__1300x731,,"Es ist ein Phänomen, das wohl jeder kennt, der an einem stürmischen Tag in Norddeutschland unterwegs ist: Der Wind weht aber die Windräder drehen sich nicht. Für Wirtschaftsministerin Katherina Reich… [+656 chars]",,Erneuerbare Energien: Warum Reiches Reform die Energiewende noch teurer machen könnte. Wirtschaftsministerin Katherina Reiche fordert mehr Kosteneffizienz bei Erneuerbaren. Doch ihre Ökostromreform könnte am Ende die Strompreise weiter steigen lassen.,Renewable energies: Why Reiche's reform could make the energy transition even more expensive. Economics Minister Katherina Reiche is calling for more cost efficiency for renewables. But their green electricity reform could ultimately cause electricity prices to rise further.,Renovabiles vires: Cur reformatio Reiche industriam transitus etiam magis carus facere potuit. Minister oeconomicus Katherina Reiche vocat plus sumptus efficientiae ad renovationes. Sed eorum viridis electricitatis reformatio ultimo causa electricitatis pretia ulterius resurgere potuit.,2026-06-19 03:40:54+00:00
21678158933893ff060afbda8c8cdbf6,2026-06-11T17:21:09Z,'Verbrenner-Aus Energiewende',www.faz.net,de,0.9,Hohe Wachstumsambitionen: DHL sieht erneuerbare Energien als „politikunabhängig“,Im Bereich Erneuerbare-Energien-Logistik will der DHL-Konzern seinen Umsatz bis 2030 auf drei Milliarden Euro im Jahr verfünffachen. Der Konzern setzt auf die Dauerhaftigkeit der Energiewende.,https://www.faz.net/aktuell/wirtschaft/unternehmen/dhl-sieht-erneuerbare-energien-als-politikunabhaengig-200920388.html,https://media0.faz.net/image/w1200h627/1118e7b2ed3c/w4364h2280x82y602o/202606/43601.0.2205209177/dhl-flugzeug-am.webp,http://web.archive.org/web/20260613121347/https://www.faz.net/aktuell/wirtschaft/unternehmen/dhl-sieht-erneuerbare-energien-als-politikunabhaengig-200920388.html,"Extrem große Windradturbinenteile transportieren, Ersatzteile pünktlich zu abgelegenen Windparks liefern, Batterien sicher lagern und befördern: Der in Bonn ansässige Logistikkonzern DHL wächst mit d… [+3499 chars]",,Hohe Wachstumsambitionen: DHL sieht erneuerbare Energien als „politikunabhängig“. Im Bereich Erneuerbare-Energien-Logistik will der DHL-Konzern seinen Umsatz bis 2030 auf drei Milliarden Euro im Jahr verfünffachen. Der Konzern setzt auf die Dauerhaftigkeit der Energiewende.,"High growth ambitions: DHL sees renewable energies as “politically independent”. In the area of ​​renewable energy logistics, the DHL Group wants to increase its sales fivefold to three billion euros per year by 2030. The group is committed to the sustainability of the energy transition.","High growth ambitions: DHL sees renewable energies as “politically independent”. In regione energiae logisticae renovandae, coetus DHL quinqueplices venditiones suas augere vult ad tres miliarda euros per annum ab 2030. Coetus committitur ad sustinendum transitus energiae.",2026-06-19 03:40:54+00:00
4e42aca5973d261a41439cbf918cbaa6,2026-06-12T10:44:04Z,'erneuerbare Energien Energiewende',www.golem.de,de,0.9,Redispatch: Pläne des Wirtschaftsministeriums machen Energiewende teurer,"Den Netzausbau günstiger machen, indem erneuerbare Energien in überlasteten Gebieten nicht mehr gefördert werden, könnte das Gegenteil bewirken. (Energiewende, Politik)",https://www.golem.de/sonstiges/zustimmung/auswahl.html?from=https://www.golem.de/news/redispatch-plaene-des-wirtschaftsministeriums-machen-energiewende-teurer-2606-209702.html&referer=https://t.co/765d592cc9,,http://web.archive.org/web/20260612113453/https://www.golem.de/sonstiges/zustimmung/auswahl.html?from=https%3A%2F%2Fwww.golem.de%2Fnews%2Fredispatch-plaene-des-wirtschaftsministeriums-machen-energiewende-teurer-2606-209702.html,"Besuchen Sie Golem.de wie gewohnt mit Werbung und Tracking,
 indem Sie der Nutzung aller Cookies zustimmen.
 Details zum Tracking finden Sie im Privacy Center.
Skript wurde nicht geladen. Informat… [+607 chars]",,"Redispatch: Pläne des Wirtschaftsministeriums machen Energiewende teurer. Den Netzausbau günstiger machen, indem erneuerbare Energien in überlasteten Gebieten nicht mehr gefördert werden, könnte das Gegenteil bewirken. (Energiewende, Politik)","Redispatch: Ministry of Economic Affairs plans to make energy transition more expensive. Making grid expansion cheaper by no longer promoting renewable energies in congested areas could have the opposite effect. (energy transition, politics)","Redispatch: Ministerium Negotium oeconomicorum consilia ad energiam transitum magis cariorem facere. Expansionem eget viliorem efficiens non amplius promovens vires renovabiles in locis congestis contrarium effectum habere potuit. (vi transitus, politica)",2026-06-19 03:40:54+00:00
f35c346aa9ebb93bfb7d958b58d40e5d,2026-06-15T01:30:04Z,'erneuerbare Energien Energiewende',www.zeit.de,de,0.9,Baustein für Energiewende: Größter Batteriespeicherpark des Landes wird eröffnet,Hier finden Sie Informationen zu dem Thema „Baustein für Energiewende“. Lesen Sie jetzt „Größter Batteriespeicherpark des Landes wird eröffnet“.,https://www.zeit.de/news/2026-06/15/groesster-batteriespeicherpark-des-landes-wird-eroeffnet,https://img.zeit.de/news/2026-06/15/groesster-batteriespeicherpark-des-landes-wird-eroeffnet-image-group/wide__1300x731,http://web.archive.org/web/20260616222429/https://www.zeit.de/news/2026-06/15/groesster-batteriespeicherpark-des-landes-wird-eroeffnet,In Worms wird heute (10.00) ein großer Batteriespeicherpark offiziell in Betrieb genommen. Die Anlage kann bis zu 2.000 Haushalte zwölf Stunden lang mit Strom versorgen. Nach Angaben des rheinland-pf… [+746 chars],,Baustein für Energiewende: Größter Batteriespeicherpark des Landes wird eröffnet. Hier finden Sie Informationen zu dem Thema „Baustein für Energiewende“. Lesen Sie jetzt „Größter Batteriespeicherpark des Landes wird eröffnet“.,Building block for the energy transition: the country's largest battery storage park opens. Here you will find information on the topic of “Building blocks for the energy transition”. Now read “Largest battery storage park in the country opens”.,"Aedificatio scandalum pro energia transitus: maximae patriae pilae parcum reposita aperit. Hic informationes invenies in argumento ""Aedificii caudices propter transitus industriae"". Nunc lege ""Maxima pugna repono parcum in regione aperit"".",2026-06-19 03:40:54+00:00
e8696d5d29742938c04c26464db1d409,2026-06-15T01:30:04Z,'Verbrenner-Aus Energiewende',www.stern.de,de,0.9,Baustein für Energiewende: Größter Batteriespeicherpark des Landes wird eröffnet,Ein Batteriespeicherpark in Worms kann künftig Strom für bis zu 2.000 Haushalte speichern. Und gleichzeitig die Energiewende in Rheinland-Pfalz voranbringen.,https://www.stern.de/gesellschaft/regional/rheinland-pfalz-saarland/baustein-fuer-energiewende--groesster-batteriespeicherpark-des-landes-wird-eroeffnet-37543402.html,https://image.stern.de/37543404/t/JC/v1/w1440/r1.7778/-/15--5un2ufpm55v7axs2048jpeg---01dc1fb0073a6053.jpg,,"Kopiere den aktuellen Link
Zur Merkliste hinzufügen
Ein Batteriespeicherpark in Worms kann künftig Strom für bis zu 2.000 Haushalte speichern. Und gleichzeitig die Energiewende in Rheinland-Pfalz v… [+919 chars]",,Baustein für Energiewende: Größter Batteriespeicherpark des Landes wird eröffnet. Ein Batteriespeicherpark in Worms kann künftig Strom für bis zu 2.000 Haushalte speichern. Und gleichzeitig die Energiewende in Rheinland-Pfalz voranbringen.,"Building block for the energy transition: the country's largest battery storage park opens. A battery storage park in Worms will be able to store electricity for up to 2,000 households in the future. And at the same time advance the energy transition in Rhineland-Palatinate.",Aedificatio scandalum pro energia transitus: maximae patriae pilae parcum reposita aperit. Parcum tabularium repositionis in Wormatia condere poterit electricitatem usque ad 2.000 familiarum in futuro. Eodemque tempore progrediuntur navitas transitus in Rheno-Palatinato.,2026-06-19 03:40:54+00:00
73efd68c29da981acf64a3435a7922b6,2026-06-17T16:10:02Z,'Energiewende',www.golem.de,de,0.9,Erneuerbare Energien: Rückstand beim Windkraftausbau wächst weiter,"Neue Daten zum Ausbautempo von Windkraft, Solarenergie und Biogas zeigen Fortschritte, aber auch große Lücken. Die Schieflage ist gefährlich. (Energiewende, Solarenergie)",https://www.golem.de/sonstiges/zustimmung/auswahl.html?from=https://www.golem.de/news/erneuerbare-energien-rueckstand-beim-windkraftausbau-waechst-weiter-2606-209893.html&referer=https://t.co/7880c98287,,http://web.archive.org/web/20260617164343/https://www.golem.de/sonstiges/zustimmung/auswahl.html?from=https%3A%2F%2Fwww.golem.de%2Fnews%2Ferneuerbare-energien-rueckstand-beim-windkraftausbau-waechst-weiter-2606-209893.html,"Besuchen Sie Golem.de wie gewohnt mit Werbung und Tracking,
 indem Sie der Nutzung aller Cookies zustimmen.
 Details zum Tracking finden Sie im Privacy Center.
Skript wurde nicht geladen. Informat… [+607 chars]",,"Erneuerbare Energien: Rückstand beim Windkraftausbau wächst weiter. Neue Daten zum Ausbautempo von Windkraft, Solarenergie und Biogas zeigen Fortschritte, aber auch große Lücken. Die Schieflage ist gefährlich. (Energiewende, Solarenergie)","Renewable energies: The backlog in wind power expansion continues to grow. New data on the pace of expansion of wind power, solar energy and biogas shows progress, but also large gaps. The imbalance is dangerous. (energy transition, solar energy)","Renovabiles vires: backlog in venti potentia dilatatio crescunt. Nova notitia in pace dilatationis venti potentiae, energiae solaris et biogas progressus ostendit, sed etiam magnos hiatus. Iniqua periculosa est. (Virtas transitus, industria solaris)",2026-06-19 03:40:54+00:00
bc576fbe61ee7b2643626f3a93c0b53e,2026-06-02T09:23:09Z,'Klimawandel',www.sueddeutsche.de,de,0.9,Klimawandel: Rekordtrockenheit in Bayern – Welche Folgen hat das?,Seit mindestens 140 Jahren ist in Bayern von März bis Mai nicht mehr so wenig Niederschlag gefallen wie in diesem Jahr. Der Wassermangel führt schon jetzt zu Problemen und die Landwirte befürchten ein Extremjahr 2026.,https://www.sueddeutsche.de/bayern/bayern-fruehling-wassermangel-trockenheit-li.3492583,https://www.sueddeutsche.de/2026/06/02/44930eee-8dd5-4da9-8dc3-269e5b0ad91a.jpg?q=60&fm=webp&width=1200&rect=0%2C209%2C4000%2C2250,http://web.archive.org/web/20260603024032/https://www.sueddeutsche.de/bayern/bayern-fruehling-wassermangel-trockenheit-li.3492583,Schon Anfang Mai hatten Bayerns Landwirte und Gemüseanbauer Regen herbeigesehnt inzwischen hat sich die Lage noch verschärft. Das Jahr 2026 entwickelt sich erneut zu einem Extremjahr für die bayerisc… [+4467 chars],,Klimawandel: Rekordtrockenheit in Bayern – Welche Folgen hat das?. Seit mindestens 140 Jahren ist in Bayern von März bis Mai nicht mehr so wenig Niederschlag gefallen wie in diesem Jahr. Der Wassermangel führt schon jetzt zu Problemen und die Landwirte befürchten ein Extremjahr 2026.,Climate change: Record drought in Bavaria – what are the consequences? For at least 140 years there has not been as little rainfall in Bavaria from March to May as this year. The lack of water is already causing problems and farmers fear an extreme year in 2026.,Mutatio climatis: Record siccitas in Bavaria - quae sunt consequentia? Ad minimum 140 annos in Bavaria a Martio ad Maium tantum anni hoc anno non tam parvae pluviae fuerunt. Defectus aquae iam difficultates moventes agricolae annum 2026 extremum timent.,2026-06-19 13:31:47+00:00
5a0bebd6feb5eba65b3f9ff004f6935d,2026-06-06T13:59:00Z,'Klimawandel',steiermark.orf.at,de,0.9,Ackerbau: Forschung zu Hitzeperioden,"Für die Landwirtschaft werden die Herausforderungen durch den Klimawandel größer. Damit man Hitze, Trockenheit, Starkregen und spontanem Frost erfolgreich begegnen kann, wird in der Steiermark aber vielfach geforscht.",https://steiermark.orf.at/stories/3355978/,https://ibs.orf.at/stm?image=https%3A%2F%2Foekastatic.orf.at%2Fmims%2F2023%2F34%2F64%2Fcrops%2Fw%3D1200%2Ch%3D627%2Cq%3D75%2F1911893_master_717364_1412754_opener_508796_teleconnections_frame_1920x1080.jpg%3Fs%3Dd073d15082e09f60332276ba2516d1ce155e8039,,Christoph Hödl leitet die Versuchsstation für Pflanzenbau der steirischen landwirtschaftlichen Fachschulen Hatzendorf. Hitzebeständige Sorten und auch geänderte Bodenbearbeitung werden hier in mehrer… [+1742 chars],,"Ackerbau: Forschung zu Hitzeperioden. Für die Landwirtschaft werden die Herausforderungen durch den Klimawandel größer. Damit man Hitze, Trockenheit, Starkregen und spontanem Frost erfolgreich begegnen kann, wird in der Steiermark aber vielfach geforscht.","Agriculture: Research on heat periods. The challenges posed by climate change are increasing for agriculture. In order to successfully deal with heat, drought, heavy rain and spontaneous frost, a lot of research is being carried out in Styria.","Agraria: Investigatio de periodis caloris. Provocationes quae per mutationem climatis augentur ad agriculturam sunt. Ut feliciter agam cum calore, siccitate, pluvia gravi et gelu spontaneo, multum investigationis in Styria exercetur.",2026-06-19 13:31:47+00:00
61e52275493c4c25a41c0f63a386533e,2026-06-10T17:49:37Z,'Klimawandel',www.tagesspiegel.de,de,0.9,„Gewinnmargen ähnlich wie beim Drogenhandel“: Berlin lässt 400.000 Jung-Aale zu Wasser – was das mit der Aal-Mafia zu tun hat,"Hunderttausende Aale wurden am Mittwoch in die Havel gesetzt. Die Tiere haben eine weite Reise hinter sich. Gründe dafür sind Klimawandel, Industrie – und internationaler Schmuggel.",https://www.tagesspiegel.de/berlin/gewinnmargen-ahnlich-wie-beim-drogenhandel-berlin-lasst-400000-jung-aale-zu-wasser--was-das-mit-der-aal-mafia-zu-tun-hat-15702352.html,https://www.tagesspiegel.de/images/15702371/alternates/BASE_16_9_W1400/1781106125000/fischereiamt-berlin-setzt-400-000-junge-aale-aus.jpeg,http://web.archive.org/web/20260610214201/https://www.tagesspiegel.de/berlin/gewinnmargen-ahnlich-wie-beim-drogenhandel-berlin-lasst-400000-jung-aale-zu-wasser--was-das-mit-der-aal-mafia-zu-tun-hat-15702352.html,"Der Aal ist ein Tier im Widerstand: Er widersetzt sich hartnäckig dem menschlichen Versuch, sich die Natur zu unterwerfen, sie nach seinen Bedingungen funktionieren zu lassen. Denn der Aal vermehrt s… [+55 chars]",,"„Gewinnmargen ähnlich wie beim Drogenhandel“: Berlin lässt 400.000 Jung-Aale zu Wasser – was das mit der Aal-Mafia zu tun hat. Hunderttausende Aale wurden am Mittwoch in die Havel gesetzt. Die Tiere haben eine weite Reise hinter sich. Gründe dafür sind Klimawandel, Industrie – und internationaler Schmuggel.","“Profit margins similar to drug trafficking”: Berlin releases 400,000 young eels into the water – what does this have to do with the eel mafia? Hundreds of thousands of eels were released into the Havel on Wednesday. The animals have had a long journey. The reasons for this are climate change, industry – and international smuggling.","""Prodest margo medicamentorum negotiationis similis"": Berlin 400.000 anguillarum in aquam dimittit - quid hoc ad anguillam mafia? Centum milium anguillarum die Mercurii in Havel dimissi sunt. Animalia longum iter habebant. Causae huius sunt mutationis climatis, industriae et internationalis smuggingae.",2026-06-20 11:53:29+00:00
71b49f6b4ae8aa32d0d1e5eceec3cb43,2026-06-18T17:46:41Z,'Klimawandel',www.n-tv.de,de,0.9,Trump-Regierung beugt sich Druck: Demontage wichtiger Klimawandel-Messstationen wohl vorerst gestoppt,Die US-Regierung wollte ein Hightech-Meeresbeobachtungssystem abbauen lassen. Doch für die Klimawandel-Forschung haben die Unterwassergeräte enorme Bedeutung. Nach heftigem Widerstand macht die Trump-Regierung nun einen Rückzieher.,https://www.n-tv.de/politik/Demontage-wichtiger-Klimawandel-Messstationen-wohl-vorerst-gestoppt-id30984510.html,https://www.n-tv.de/img/30893174/1780600935/Img_16_9/1200/Eine-der-Messstationen-liegt-vor-der-US-Ostkueste-sie-soll-bis-kommendes-Jahr-abgebaut-sein-Das-Foto-stammt-von-der-Installation.jpg,,"Eine der Messstationen liegt vor der US-Ostküste. (Foto: OOI / NSF / Woods Hole Oceanographic Institution)
Die US-Regierung wollte ein Hightech-Meeresbeobachtungssystem abbauen lassen. Doch für die … [+2214 chars]",,Trump-Regierung beugt sich Druck: Demontage wichtiger Klimawandel-Messstationen wohl vorerst gestoppt. Die US-Regierung wollte ein Hightech-Meeresbeobachtungssystem abbauen lassen. Doch für die Klimawandel-Forschung haben die Unterwassergeräte enorme Bedeutung. Nach heftigem Widerstand macht die Trump-Regierung nun einen Rückzieher.,"Trump administration bows to pressure: dismantling of important climate change measuring stations has probably been stopped for the time being. The US government wanted to dismantle a high-tech ocean observation system. But the underwater devices are enormously important for climate change research. After fierce resistance, the Trump administration is now backing down.","BUCINUM administratio arcuum pressionis: commotio magnae mutationis climatis statio mensurae probabiliter tempus esse cessatum est. US imperium summus tech systema observationis oceani detrahere voluit. Sed machinae summersae sunt maxime momenti ad investigationem mutationem climatis. Post acriter repugnatum, administratio Trump iam in tergum descendit.",2026-06-20 11:53:29+00:00
42c32c9b60927d01b04fe5c717b0324c,2026-06-16T17:00:00Z,'Energiewende',taz.de,de,0.9,Wärmeplan 2026 für Berlin: Am Ende unverbindlich,Der Senat legt seinen „Wärmeplan“ für die Energiewende bis 2045 vor. Ein scharfes Schwert ist das Dokument aber nicht – nur eine Orientierungshilfe.,https://taz.de/Waermeplan-2026-fuer-Berlin/!6187979/,https://taz.de/picture/8521308/1200/389540780.jpeg,,Der Senat legt seinen „Wärmeplan“ für die Energiewende bis 2045 vor. Ein scharfes Schwert ist das Dokument aber nicht – nur eine Orientierungshilfe. mehr...,,Wärmeplan 2026 für Berlin: Am Ende unverbindlich. Der Senat legt seinen „Wärmeplan“ für die Energiewende bis 2045 vor. Ein scharfes Schwert ist das Dokument aber nicht – nur eine Orientierungshilfe.,Heat plan 2026 for Berlin: Non-binding in the end. The Senate presents its “heat plan” for the energy transition by 2045. But the document is not a sharp sword - just a guide.,"Propositum caloris 2026 pro Berlin: Non ligatio in fine. Senatus consilium suum ""caloris"" pro navitatis transitus ostendit 2045. Sed documentum non est gladius acutus - sicut dux.",2026-06-21 03:01:25+00:00
bc26d44927975a32b8cec7e5cd1cd734,2026-06-17T07:00:23Z,'Energiewende',www.faz.net,de,0.9,Milliardenauftrag für Meyer: Die Energiewende rettet eine deutsche Traditionswerft,Der Netzbetreiber 50Hertz beauftragt erstmals einen heimischen Schiffsbauer mit einer riesigen Windstromplattform. Die kriselnde Neptun-Werft kann aufatmen – und Politiker suchen das Rampenlicht.,https://www.faz.net/aktuell/wirtschaft/neptun-werft-milliardenauftrag-rettet-traditionswerft-accg-200935912.html,https://media0.faz.net/image/w1200h627/da8942ebfea9/w3000h1567x0y133o/201310/431.0.41186334/transportschiff-mit-teilen.webp,http://web.archive.org/web/20260617101541/https://www.faz.net/aktuell/wirtschaft/neptun-werft-milliardenauftrag-rettet-traditionswerft-accg-200935912.html,"Das hat ein deutscher Schiffsbauer lange nicht erlebt, schon gar nicht ein angeschlagener. Die Neptun-Werft in Rostock-Warnemünde erhält einen Milliardenauftrag, der das Unternehmen bis in die Dreißi… [+9427 chars]",,Milliardenauftrag für Meyer: Die Energiewende rettet eine deutsche Traditionswerft. Der Netzbetreiber 50Hertz beauftragt erstmals einen heimischen Schiffsbauer mit einer riesigen Windstromplattform. Die kriselnde Neptun-Werft kann aufatmen – und Politiker suchen das Rampenlicht.,"Billion-dollar order for Meyer: The energy transition saves a traditional German shipyard. For the first time, the network operator 50Hertz commissions a local shipbuilder with a huge wind power platform. The ailing Neptune shipyard can breathe a sigh of relief – and politicians are seeking the spotlight.","Ordo Billion pupae pro Meyer: navitas transitus navalia Germanica traditam servat. Primum, operator retis 50Hertz commissionem localem nauclerus cum ingenti suggestu venti potestate. Aegrotus Neptunus navalia suspirium subsidii spirare potest – et politici Vestibulum arcu quaerunt.",2026-06-21 03:01:25+00:00
50be2dda725321f850df23cd5f6f007a,2026-06-17T08:12:50Z,'Energiewende',www.stern.de,de,0.9,Energie: Milliardenauftrag für Windstrom-Plattform geht nach Rostock,Berlin - Der Stromnetzbetreiber 50Hertz vergibt bei der Energiewende einen Milliardenauftrag überwiegend nach Rostock. Wie das Unternehmen in Berlin,https://www.stern.de/gesellschaft/regional/hamburg-schleswig-holstein/energie--milliardenauftrag-fuer-windstrom-plattform-geht-nach-rostock-37557696.html,https://image.stern.de/37557698/t/jr/v1/w1440/r1.7778/-/17--utof3z53ujv4axs2048jpeg---69c22954f4306830.jpg,,"Kopiere den aktuellen Link
Zur Merkliste hinzufügen
Für die Anbindung von Windparks auf See an Stromleitungen an Land sind Konverter notwendig. Davon profitiert nun Mecklenburg-Vorpommern.
Der Str… [+2740 chars]",,Energie: Milliardenauftrag für Windstrom-Plattform geht nach Rostock. Berlin - Der Stromnetzbetreiber 50Hertz vergibt bei der Energiewende einen Milliardenauftrag überwiegend nach Rostock. Wie das Unternehmen in Berlin,Energy: Billion-dollar order for wind power platform goes to Rostock. Berlin - The electricity network operator 50Hertz is awarding a billion-dollar contract primarily to Rostock as part of the energy transition. Like the company in Berlin,Energy: Billion-dollar ordinis ventorum potentiae suggestus ad Rostock accedit. Berlin - Operator retis electricitatis 50Hertz praebet contractum billion-dollarium imprimis Rostock ut partem energiae transitus. Sicut societas in Berlin,2026-06-21 03:01:25+00:00
1d7a6b8b6acc5b2d7c6027325af9cfc1,2026-06-17T08:21:56Z,'Verbrenner-Aus Energiewende',www.bild.de,de,0.9,Milliardenauftrag für Neptun-Werft - Energiewende sichert Jobs in Rostock,Rettung für die Neptun-Werft: Ein Milliardenauftrag für die Energiewende sichert Auslastung bis in die 2030er-Jahre und schafft rund 500 neue Jobs.,https://www.bild.de/politik/inland/milliardenauftrag-fuer-neptun-werft-energiewende-schafft-500-neue-jobs-6a32487de495aff7b58461ce,"https://images.bild.de/6a32487de495aff7b58461ce/3b7b9fe53780133d8b39ee707ff77be2,a64a3fd1?w=1280",http://web.archive.org/web/20260618062447/https://www.bild.de/politik/inland/milliardenauftrag-fuer-neptun-werft-energiewende-schafft-500-neue-jobs-6a32487de495aff7b58461ce,TTS-Player überspringenArtikel weiterlesenRostock (Mecklenburg-Vorpommern) Aus Schiffsbau wird Energiewende: Die Neptun-Werft in Rostock-Warnemünde hat einen Milliardenauftrag an Land gezogen und sic… [+2554 chars],,Milliardenauftrag für Neptun-Werft - Energiewende sichert Jobs in Rostock. Rettung für die Neptun-Werft: Ein Milliardenauftrag für die Energiewende sichert Auslastung bis in die 2030er-Jahre und schafft rund 500 neue Jobs.,Billion-dollar order for Neptun shipyard - energy transition secures jobs in Rostock. Rescue for the Neptun shipyard: A billion-dollar order for the energy transition ensures capacity utilization until the 2030s and creates around 500 new jobs.,Ordo billion-dollar navalia Neptuni - navitas transitus jobs in Rostock secures facit. Libera navalia Neptuni: Ordo billion-dollar energiae transitus facultatem efficit utendo usque ad mille trecentos et circiter 500 novos jobs creat.,2026-06-21 03:01:25+00:00
1d4773016ee2066f504ec0e8b1eb8553,2026-06-17T11:12:37Z,'Verbrenner-Aus Energiewende',www.stern.de,de,0.9,Umwelt und Energie: Bundesstiftung Umwelt wächst auf drei Milliarden Euro,Die Deutsche Bundesstiftung Umwelt erreicht erstmals ein Stiftungskapital von drei Milliarden Euro. Mit Blick auf die Energiewende hat die Stiftung mit Sitz in Osnabrück klare Ideen und Forderungen.,https://www.stern.de/gesellschaft/regional/niedersachsen-bremen/umwelt-und-energie--bundesstiftung-umwelt-waechst-auf-drei-milliarden-euro-37559230.html,https://image.stern.de/37559232/t/tx/v1/w1440/r1.7778/-/17--dxiy537tniv6axs2048jpeg---1fb4fee1a18cd43b.jpg,,"Kopiere den aktuellen Link
Zur Merkliste hinzufügen
Die Deutsche Bundesstiftung Umwelt erreicht erstmals ein Stiftungskapital von drei Milliarden Euro. Mit Blick auf die Energiewende hat die Stiftu… [+2066 chars]",,Umwelt und Energie: Bundesstiftung Umwelt wächst auf drei Milliarden Euro. Die Deutsche Bundesstiftung Umwelt erreicht erstmals ein Stiftungskapital von drei Milliarden Euro. Mit Blick auf die Energiewende hat die Stiftung mit Sitz in Osnabrück klare Ideen und Forderungen.,"Environment and energy: Federal Environmental Foundation grows to three billion euros. The German Federal Environmental Foundation has reached a foundation capital of three billion euros for the first time. With a view to the energy transition, the foundation based in Osnabrück has clear ideas and demands.","Environment et industria: Fundamentum Environmentale Foederatum ad tres miliarda euros crescit. Germanus Foundation Environmental Fundamentum caput trium milium nummorum primum pervenit. Ob industriam transitus, fundamentum in Osnabrück fundatum notiones et postulata claras habet.",2026-06-21 03:01:25+00:00
30eeb42d1badebdca8d38b7e0ad1a43c,2026-06-17T14:54:54Z,'Energiewende',www.sueddeutsche.de,de,0.9,Energiewende: Wenn ein See das Haus heizt,Ein Dorf in Hessen speichert Sonnenwärme in einem künstlichen See und will damit den Winter überstehen. Die Idee hat Potenzial – doch wie gut funktioniert das in der Praxis?,https://www.sueddeutsche.de/wissen/erdbeckenspeicher-bracht-hessen-fernwaerme-waermepumpe-li.3496055,https://www.sueddeutsche.de/2026/06/17/591e7bf6-1a9b-4112-9f68-e0ca55aaada6.jpg?q=60&fm=webp&width=1200&rect=0%2C63%2C1200%2C675,,"So viel Wasser wie elf olympische Schwimmbecken fasst der künstliche See, den Bauarbeiter nahe dem mittelhessischen Dorf Bracht angelegt haben. Das Bassin dient aber nicht der Abkühlung im Sommer, so… [+693 chars]",,Energiewende: Wenn ein See das Haus heizt. Ein Dorf in Hessen speichert Sonnenwärme in einem künstlichen See und will damit den Winter überstehen. Die Idee hat Potenzial – doch wie gut funktioniert das in der Praxis?,Energy transition: When a lake heats the house. A village in Hesse stores solar heat in an artificial lake and wants to use it to survive the winter. The idea has potential – but how well does it work in practice?,Energy transitus: Cum lacus calefacit domum. Vicus in Hassia thesauros caloris solaris in lacu subvectus est et ea uti hieme superesse vult. Idea potentiae habet – sed quomodo bene operatur in praxi?,2026-06-21 03:01:25+00:00
f6c5e96a575f4f529e32461f5c66519c,2026-06-18T11:00:26Z,'Verbrenner-Aus Energiewende',www.stern.de,de,0.9,Energiewende: Mehr als 30 Millionen Euro für Chemnitzer Energieprojekte,Chemnitz (sn) - Zwei wichtige Energiewende-Projekte für Chemnitz werden mit mehr als 30 Millionen Euro von der EU gefördert. Konkret geht es um die,https://www.stern.de/gesellschaft/regional/sachsen/energiewende--mehr-als-30-millionen-euro-fuer-chemnitzer-energieprojekte-37565186.html,https://image.stern.de/37565188/t/oY/v1/w1440/r1.7778/-/18--r5547xcmbtv7axs2048jpeg---b4ef25537ede814a.jpg,http://web.archive.org/web/20260619011604/https://www.stern.de/gesellschaft/regional/sachsen/energiewende--mehr-als-30-millionen-euro-fuer-chemnitzer-energieprojekte-37565186.html,"Kopiere den aktuellen Link
Zur Merkliste hinzufügen
Wasserstoff statt Gas, Sonne statt Kohle: Chemnitz bekommt eine Millionenförderung für die Energiewende. Darum geht es konkret.
Zwei wichtige En… [+1347 chars]",,Energiewende: Mehr als 30 Millionen Euro für Chemnitzer Energieprojekte. Chemnitz (sn) - Zwei wichtige Energiewende-Projekte für Chemnitz werden mit mehr als 30 Millionen Euro von der EU gefördert. Konkret geht es um die,"Energy transition: More than 30 million euros for Chemnitz energy projects. Chemnitz (sn) - Two important energy transition projects for Chemnitz are being funded by the EU with more than 30 million euros. Specifically, it's about that",Energy transitus: Plus quam 30 decies centena millia nummorum pro energia Chemnitz incepta. Chemnitz (sn) - Duo magna navitatis transitus incepta Chemnitz ab EU funduntur cum plus quam XXX decies nummis Europaeis. Specialiter est de illo,2026-06-21 03:01:25+00:00
c9ac4d2cd1a7e2fe20800c37f71a5b22,2026-06-18T07:26:00Z,'Klimawandel',www.dw.com,de,0.9,Abkühlung: Wie Städte der Hitze trotzen,Die globale Erwärmung führt zu häufigeren und intensiveren Hitzewellen. Städte auf der ganzen Welt wollen die extreme Hitze abmildern und das städtische Leben an den Klimawandel anpassen. Städte heizen sich bei Hitze besonders auf. An immer mehr Tagen werden …,https://www.dw.com/de/abk%C3%BChlung-wie-st%C3%A4dte-der-hitze-trotzen/a-77579725,https://static.dw.com/image/77506038_6.jpg,,"Städte heizen sich bei Hitze besonders auf. An immer mehr Tagen werden die Wege heiß wie Herdplatten und der Schlaf bei Nachthitze zur Qual. 
Dicht bebaute Städte mit viel Asphalt, versiegelten Fläc… [+7744 chars]",,Abkühlung: Wie Städte der Hitze trotzen. Die globale Erwärmung führt zu häufigeren und intensiveren Hitzewellen. Städte auf der ganzen Welt wollen die extreme Hitze abmildern und das städtische Leben an den Klimawandel anpassen. Städte heizen sich bei Hitze besonders auf. An immer mehr Tagen werden …,Cooling: How cities defy the heat. Global warming is leading to more frequent and intense heat waves. Cities around the world are looking to mitigate extreme heat and adapt urban life to climate change. Cities become particularly hot when it is hot. More and more days will...,Tityre: Ut urbes aestus detestentur. Calefactionem globalem magis frequentiorem et intensiorem undarum aestum ducit. Civitates circum orbem terrarum spectantes calorem maximum mitigare et vitam urbanam ad mutationem climatis accommodare. Urbes maxime calidae fiunt cum calet. Magis ac magis dies erunt...,2026-06-21 12:09:04+00:00
